county,cases_per_100000
Alameda,1372.631364
Colusa,1894.3920679999999
San Benito,1397.956952
Inyo,1847.938005
Shasta,3555.9926939999996
Trinity,1946.9821780000002
San Francisco,1337.6966869999999
Mono,2041.4010460000002
Siskiyou,2543.452543
Imperial,1497.529337
Sonoma,1550.734092
Butte,2782.7652239999998
San Diego,2054.670964
Plumas,3037.3216820000002
El Dorado,2216.4911079999997
Lassen,3688.674538
Contra Costa,1917.163966
Calaveras,3142.9926170000003
